{
  "loss": 0.029106436297297478,
  "accuracy": 0.9907666444778442,
  "val_loss": 0.06880409270524979,
  "val_accuracy": 0.9797999858856201,
  "epoch": 9,
  "global_step": 18750
}